src_ip,window,n_flows,n_dst_ports,n_dst_ips,n_fail,fail_rate,flows_per_min,unique_dst_per_min,port_entropy,anomaly_score,is_anomaly
IP_Por954,2021-01-06 17:50:00,443,442,442,443,1.0,2658,2652,6.093569770045136,0.7460505837616614,1
IP_Por954,2021-01-06 13:20:00,431,428,428,431,1.0,2586,2568,6.061456918928017,0.7419192392069047,1
IP_Por954,2021-01-06 12:30:00,463,462,462,463,1.0,2778,2772,6.137727054086234,0.7365213799235327,1
IP_Por954,2021-01-06 10:10:00,434,416,416,434,1.0,2604,2496,6.0330862217988015,0.7363147132860418,1
IP_Por954,2021-01-06 09:40:00,502,502,502,502,1.0,3012,3012,6.220590170099739,0.7355254133600259,1
IP_Por954,2021-01-06 18:40:00,467,452,452,467,1.0,2802,2712,6.115892125483034,0.7355254133600259,1
IP_Por954,2021-01-06 01:20:00,591,591,591,591,1.0,3546,3546,6.3835066348840055,0.7352558490539658,1
IP_Por954,2021-01-06 20:00:00,591,591,591,591,1.0,3546,3546,6.3835066348840055,0.7352558490539658,1
IP_Por954,2021-01-05 19:30:00,591,591,591,591,1.0,3546,3546,6.3835066348840055,0.7352558490539658,1
IP_Por954,2021-01-06 00:00:00,592,592,592,592,1.0,3552,3552,6.385194398997726,0.7352558490539658,1
IP_Por954,2021-01-06 06:00:00,592,592,592,592,1.0,3552,3552,6.385194398997726,0.7352558490539658,1
IP_Por954,2021-01-05 15:30:00,591,591,591,591,1.0,3546,3546,6.3835066348840055,0.7352558490539658,1
IP_Por954,2021-01-05 08:50:00,592,592,592,592,1.0,3552,3552,6.385194398997726,0.7352558490539658,1
IP_Por954,2021-01-04 18:30:00,591,591,591,591,1.0,3546,3546,6.3835066348840055,0.7352558490539658,1
IP_Por954,2021-01-06 18:10:00,592,592,592,592,1.0,3552,3552,6.385194398997726,0.7352558490539658,1
IP_Por954,2021-01-06 03:40:00,498,498,498,498,1.0,2988,2988,6.212606095751519,0.7350279352433793,1
IP_Por954,2021-01-06 19:50:00,434,412,412,434,1.0,2604,2472,6.023447592961033,0.7348216876639072,1
IP_Por954,2021-01-05 06:30:00,588,588,588,588,1.0,3528,3528,6.3784261836515865,0.734048551547214,1
IP_Por954,2021-01-05 20:50:00,590,590,590,590,1.0,3540,3540,6.3818160174060985,0.734048551547214,1
IP_Por954,2021-01-06 01:40:00,594,594,594,594,1.0,3564,3564,6.38856140554563,0.7339106248412551,1
IP_Por954,2021-01-05 03:10:00,594,594,594,594,1.0,3564,3564,6.38856140554563,0.7339106248412551,1
IP_Por954,2021-01-05 09:40:00,594,594,594,594,1.0,3564,3564,6.38856140554563,0.7339106248412551,1
IP_Por954,2021-01-05 13:00:00,594,594,594,594,1.0,3564,3564,6.38856140554563,0.7339106248412551,1
IP_Por954,2021-01-04 15:10:00,594,594,594,594,1.0,3564,3564,6.38856140554563,0.7339106248412551,1
IP_Por954,2021-01-05 13:20:00,594,594,594,594,1.0,3564,3564,6.38856140554563,0.7339106248412551,1
IP_Por954,2021-01-04 22:20:00,594,594,594,594,1.0,3564,3564,6.38856140554563,0.7339106248412551,1
IP_Por954,2021-01-06 00:50:00,593,593,593,593,1.0,3558,3558,6.386879319362645,0.7337649704912343,1
IP_Por954,2021-01-05 09:20:00,593,593,593,593,1.0,3558,3558,6.386879319362645,0.7337649704912343,1
IP_Por954,2021-01-05 02:00:00,593,593,593,593,1.0,3558,3558,6.386879319362645,0.7337649704912343,1
IP_Por954,2021-01-05 00:00:00,593,593,593,593,1.0,3558,3558,6.386879319362645,0.7337649704912343,1
IP_Por954,2021-01-05 00:40:00,593,593,593,593,1.0,3558,3558,6.386879319362645,0.7337649704912343,1
IP_Por954,2021-01-04 23:30:00,593,593,593,593,1.0,3558,3558,6.386879319362645,0.7337649704912343,1
IP_Por954,2021-01-04 23:10:00,593,593,593,593,1.0,3558,3558,6.386879319362645,0.7337649704912343,1
IP_Por954,2021-01-06 02:30:00,581,581,581,581,1.0,3486,3486,6.366470447731438,0.7335520723171047,1
IP_Por954,2021-01-05 11:50:00,581,581,581,581,1.0,3486,3486,6.366470447731438,0.7335520723171047,1
IP_Por954,2021-01-06 11:40:00,514,506,506,514,1.0,3084,3036,6.2285110035911835,0.7335375188215676,1
IP_Por954,2021-01-06 11:20:00,483,473,473,483,1.0,2898,2838,6.161207321695077,0.7335375188215676,1
IP_Por954,2021-01-06 03:50:00,513,502,502,513,1.0,3078,3012,6.220590170099739,0.7335375188215676,1
IP_Por954,2021-01-06 10:30:00,378,378,378,378,1.0,2268,2268,5.937536205082426,0.7333316894503903,1
IP_Por954,2021-01-05 05:00:00,593,589,589,593,1.0,3558,3534,6.380122536899765,0.7332686830632941,1
IP_Por954,2021-01-05 22:20:00,586,586,586,586,1.0,3516,3516,6.375024819828097,0.7330559288844374,1
IP_Por954,2021-01-06 04:20:00,587,587,587,587,1.0,3522,3522,6.376726947898627,0.7330559288844374,1
IP_Por954,2021-01-06 05:50:00,586,585,585,586,1.0,3516,3510,6.373319789577012,0.7330559288844374,1
IP_Por954,2021-01-05 12:10:00,586,586,586,586,1.0,3516,3516,6.375024819828097,0.7330559288844374,1
IP_Por954,2021-01-05 17:10:00,587,587,587,587,1.0,3522,3522,6.376726947898627,0.7330559288844374,1
IP_Por954,2021-01-05 20:00:00,585,585,585,585,1.0,3510,3510,6.373319789577012,0.7330559288844374,1
IP_Por954,2021-01-05 12:30:00,586,586,586,586,1.0,3516,3516,6.375024819828097,0.7330559288844374,1
IP_Por954,2021-01-05 08:10:00,586,586,586,586,1.0,3516,3516,6.375024819828097,0.7330559288844374,1
IP_Por954,2021-01-05 06:10:00,586,586,586,586,1.0,3516,3516,6.375024819828097,0.7330559288844374,1
IP_Por954,2021-01-05 07:00:00,587,587,587,587,1.0,3522,3522,6.376726947898627,0.7330559288844374,1
IP_Por954,2021-01-05 07:20:00,587,587,587,587,1.0,3522,3522,6.376726947898627,0.7330559288844374,1
IP_Por954,2021-01-04 23:00:00,585,585,585,585,1.0,3510,3510,6.373319789577012,0.7330559288844374,1
IP_Por954,2021-01-05 01:40:00,586,585,585,586,1.0,3516,3510,6.373319789577012,0.7330559288844374,1
IP_Por954,2021-01-06 03:10:00,586,586,586,586,1.0,3516,3516,6.375024819828097,0.7330559288844374,1
IP_Por954,2021-01-04 21:30:00,587,587,587,587,1.0,3522,3522,6.376726947898627,0.7330559288844374,1
IP_BEN870,2021-01-01 17:00:00,488,455,455,0,0.0,2928,2730,6.1224928095143865,0.7330413852322659,1
IP_Por954,2021-01-06 09:50:00,513,495,495,513,1.0,3078,2970,6.206575926724928,0.7330413852322659,1
IP_Por954,2021-01-06 04:40:00,583,583,583,583,1.0,3498,3498,6.369900982828227,0.7325601210220929,1
IP_Por954,2021-01-05 00:50:00,583,583,583,583,1.0,3498,3498,6.369900982828227,0.7325601210220929,1
IP_Por954,2021-01-06 03:20:00,514,490,490,514,1.0,3084,2940,6.19644412779452,0.7325455872066294,1
IP_BEN870,2021-01-02 00:20:00,517,498,498,0,0.0,3102,2988,6.212606095751519,0.7320501245176972,1
IP_Por954,2021-01-06 12:00:00,538,508,508,538,1.0,3228,3048,6.2324480165505225,0.7320501245176972,1
IP_Por954,2021-01-05 08:40:00,457,428,428,457,1.0,2742,2568,6.061456918928017,0.731947411306462,1
IP_Por954,2021-01-06 11:50:00,595,595,595,595,1.0,3570,3570,6.39024066706535,0.7319270945697807,1
IP_Por954,2021-01-05 22:00:00,595,595,595,595,1.0,3570,3570,6.39024066706535,0.7319270945697807,1
IP_Por954,2021-01-04 19:20:00,595,595,595,595,1.0,3570,3570,6.39024066706535,0.7319270945697807,1
IP_Por954,2021-01-04 17:40:00,595,595,595,595,1.0,3570,3570,6.39024066706535,0.7319270945697807,1
IP_Por954,2021-01-05 16:20:00,595,595,595,595,1.0,3570,3570,6.39024066706535,0.7319270945697807,1
IP_Por954,2021-01-05 20:20:00,595,595,595,595,1.0,3570,3570,6.39024066706535,0.7319270945697807,1
IP_Por954,2021-01-05 01:30:00,595,595,595,595,1.0,3570,3570,6.39024066706535,0.7319270945697807,1
IP_Por954,2021-01-05 23:40:00,595,595,595,595,1.0,3570,3570,6.39024066706535,0.7319270945697807,1
IP_Por954,2021-01-05 13:40:00,592,584,584,592,1.0,3552,3504,6.371611847231857,0.7312868877591385,1
IP_Por954,2021-01-05 09:00:00,593,585,585,593,1.0,3558,3510,6.373319789577012,0.7307922764009954,1
IP_Por954,2021-01-06 04:30:00,498,440,440,498,1.0,2988,2640,6.089044875446846,0.7305657462038183,1
IP_Por954,2021-01-05 08:20:00,497,447,447,497,1.0,2982,2682,6.104793232414985,0.7305657462038183,1
IP_Por954,2021-01-05 04:30:00,596,596,596,596,1.0,3576,3576,6.391917113392602,0.7304429657237737,1
IP_Por954,2021-01-05 04:50:00,596,596,596,596,1.0,3576,3576,6.391917113392602,0.7304429657237737,1
IP_Por954,2021-01-05 11:20:00,596,596,596,596,1.0,3576,3576,6.391917113392602,0.7304429657237737,1
IP_Por954,2021-01-05 13:50:00,596,596,596,596,1.0,3576,3576,6.391917113392602,0.7304429657237737,1
IP_Por954,2021-01-04 21:00:00,596,596,596,596,1.0,3576,3576,6.391917113392602,0.7304429657237737,1
IP_Por954,2021-01-05 03:40:00,596,596,596,596,1.0,3576,3576,6.391917113392602,0.7304429657237737,1
IP_Por954,2021-01-04 21:50:00,596,596,596,596,1.0,3576,3576,6.391917113392602,0.7304429657237737,1
IP_Por954,2021-01-04 18:10:00,596,596,596,596,1.0,3576,3576,6.391917113392602,0.7304429657237737,1
IP_Por954,2021-01-05 14:40:00,596,596,596,596,1.0,3576,3576,6.391917113392602,0.7304429657237737,1
IP_Por954,2021-01-05 21:30:00,596,596,596,596,1.0,3576,3576,6.391917113392602,0.7304429657237737,1
IP_Por954,2021-01-06 05:10:00,596,596,596,596,1.0,3576,3576,6.391917113392602,0.7304429657237737,1
IP_Por954,2021-01-06 10:50:00,596,596,596,596,1.0,3576,3576,6.391917113392602,0.7304429657237737,1
IP_Por954,2021-01-06 05:30:00,596,596,596,596,1.0,3576,3576,6.391917113392602,0.7304429657237737,1
IP_Por954,2021-01-04 15:40:00,596,596,596,596,1.0,3576,3576,6.391917113392602,0.7304429657237737,1
IP_Por954,2021-01-04 19:50:00,596,596,596,596,1.0,3576,3576,6.391917113392602,0.7304429657237737,1
IP_Por954,2021-01-06 19:10:00,596,596,596,596,1.0,3576,3576,6.391917113392602,0.7304429657237737,1
IP_Por954,2021-01-06 10:40:00,350,345,345,350,1.0,2100,2070,5.846438775057725,0.7300716225951619,1
IP_Por954,2021-01-06 18:50:00,597,597,597,597,1.0,3582,3582,6.393590753950631,0.7299489251586135,1
IP_Por954,2021-01-04 20:10:00,597,597,597,597,1.0,3582,3582,6.393590753950631,0.7299489251586135,1
IP_Por954,2021-01-05 17:30:00,597,597,597,597,1.0,3582,3582,6.393590753950631,0.7299489251586135,1
IP_Por954,2021-01-05 02:20:00,597,597,597,597,1.0,3582,3582,6.393590753950631,0.7299489251586135,1
IP_Por954,2021-01-05 04:00:00,597,597,597,597,1.0,3582,3582,6.393590753950631,0.7299489251586135,1
IP_Por954,2021-01-04 20:40:00,597,597,597,597,1.0,3582,3582,6.393590753950631,0.7299489251586135,1
IP_Por954,2021-01-06 10:00:00,597,597,597,597,1.0,3582,3582,6.393590753950631,0.7299489251586135,1
IP_Por954,2021-01-04 17:20:00,597,597,597,597,1.0,3582,3582,6.393590753950631,0.7299489251586135,1
IP_Por954,2021-01-05 05:20:00,597,597,597,597,1.0,3582,3582,6.393590753950631,0.7299489251586135,1
IP_Por954,2021-01-05 14:10:00,597,597,597,597,1.0,3582,3582,6.393590753950631,0.7299489251586135,1
IP_Por954,2021-01-05 15:50:00,597,597,597,597,1.0,3582,3582,6.393590753950631,0.7299489251586135,1
IP_Por954,2021-01-05 05:40:00,597,597,597,597,1.0,3582,3582,6.393590753950631,0.7299489251586135,1
IP_Por954,2021-01-05 18:20:00,597,597,597,597,1.0,3582,3582,6.393590753950631,0.7299489251586135,1
IP_Por954,2021-01-05 18:00:00,597,597,597,597,1.0,3582,3582,6.393590753950631,0.7299489251586135,1
IP_Por954,2021-01-05 19:10:00,597,597,597,597,1.0,3582,3582,6.393590753950631,0.7299489251586135,1
IP_Por954,2021-01-06 11:10:00,597,597,597,597,1.0,3582,3582,6.393590753950631,0.7299489251586135,1
IP_Por954,2021-01-06 11:30:00,597,597,597,597,1.0,3582,3582,6.393590753950631,0.7299489251586135,1
IP_Por954,2021-01-06 00:30:00,597,597,597,597,1.0,3582,3582,6.393590753950631,0.7299489251586135,1
IP_Por954,2021-01-06 12:10:00,597,597,597,597,1.0,3582,3582,6.393590753950631,0.7299489251586135,1
IP_BEN870,2021-01-01 11:50:00,455,422,422,0,0.0,2730,2532,6.0473721790462776,0.7289820806740938,1
IP_Por954,2021-01-06 19:00:00,533,504,504,533,1.0,3198,3024,6.22455842927536,0.7285912560903783,1
IP_Por954,2021-01-05 10:10:00,598,598,598,598,1.0,3588,3588,6.395261598115449,0.7284688074474683,1
IP_Por954,2021-01-05 18:50:00,598,598,598,598,1.0,3588,3588,6.395261598115449,0.7284688074474683,1
IP_Por954,2021-01-05 07:50:00,598,598,598,598,1.0,3588,3588,6.395261598115449,0.7284688074474683,1
IP_Por954,2021-01-05 11:00:00,598,598,598,598,1.0,3588,3588,6.395261598115449,0.7284688074474683,1
IP_Por954,2021-01-05 10:30:00,598,598,598,598,1.0,3588,3588,6.395261598115449,0.7284688074474683,1
IP_Por954,2021-01-05 02:50:00,598,598,598,598,1.0,3588,3588,6.395261598115449,0.7284688074474683,1
IP_Por954,2021-01-04 23:50:00,596,594,594,596,1.0,3576,3564,6.38856140554563,0.7284688074474683,1
IP_Por954,2021-01-04 16:00:00,598,598,598,598,1.0,3588,3588,6.395261598115449,0.7284688074474683,1
IP_Por954,2021-01-05 00:20:00,598,598,598,598,1.0,3588,3588,6.395261598115449,0.7284688074474683,1
IP_Por954,2021-01-05 15:00:00,598,598,598,598,1.0,3588,3588,6.395261598115449,0.7284688074474683,1
IP_Por954,2021-01-06 19:40:00,575,575,575,575,1.0,3450,3450,6.3561076606958915,0.7283507599401708,1
IP_Por954,2021-01-06 02:00:00,549,511,511,549,1.0,3294,3066,6.238324625039508,0.7280984679428836,1
IP_Por954,2021-01-06 16:50:00,341,341,341,341,1.0,2046,2046,5.834810737062605,0.7280984679428836,1
IP_Por954,2021-01-06 03:30:00,533,533,533,533,1.0,3198,3198,6.280395838960195,0.7279963091845785,1
IP_Por954,2021-01-04 16:20:00,596,590,590,596,1.0,3576,3540,6.3818160174060985,0.7279761021190294,1
IP_Por954,2021-01-05 03:00:00,596,593,593,596,1.0,3576,3558,6.386879319362645,0.7279761021190294,1
IP_Por954,2021-01-06 18:00:00,354,350,350,354,1.0,2124,2100,5.860786223465865,0.7274018480955076,1
IP_Por954,2021-01-05 16:40:00,599,599,599,599,1.0,3594,3594,6.396929655216146,0.7267855867501101,1
IP_Por954,2021-01-05 01:10:00,599,599,599,599,1.0,3594,3594,6.396929655216146,0.7267855867501101,1
IP_Por954,2021-01-06 06:20:00,599,599,599,599,1.0,3594,3594,6.396929655216146,0.7267855867501101,1
IP_Por954,2021-01-05 22:50:00,599,599,599,599,1.0,3594,3594,6.396929655216146,0.7267855867501101,1
IP_Por954,2021-01-04 16:50:00,599,599,599,599,1.0,3594,3594,6.396929655216146,0.7267855867501101,1
IP_BEN870,2021-01-02 22:10:00,529,464,464,0,0.0,3174,2784,6.142037405587356,0.7266221024045334,1
IP_Por954,2021-01-05 11:30:00,544,506,506,544,1.0,3264,3036,6.2285110035911835,0.7266221024045334,1
IP_Por954,2021-01-06 02:40:00,412,368,368,412,1.0,2472,2208,5.910796644040527,0.7263162904838512,1
IP_Por954,2021-01-06 02:10:00,579,579,579,579,1.0,3474,3474,6.363028103540465,0.7261450526509277,1
IP_Por954,2021-01-05 13:10:00,539,477,477,539,1.0,3234,2862,6.169610732491456,0.7261306461088676,1
IP_Por954,2021-01-06 01:50:00,545,527,527,545,1.0,3270,3162,6.269096283706261,0.7261306461088676,1
IP_Por954,2021-01-05 19:40:00,541,533,533,541,1.0,3246,3198,6.280395838960195,0.7260287634536502,1
IP_Por954,2021-01-05 17:50:00,597,590,590,597,1.0,3582,3540,6.3818160174060985,0.7260086110014626,1
IP_Por954,2021-01-05 06:40:00,553,512,512,553,1.0,3318,3072,6.240275845170769,0.7256395222133445,1
IP_Por954,2021-01-05 19:50:00,555,509,509,555,1.0,3330,3054,6.234410725718371,0.7256395222133445,1
IP_Por954,2021-01-06 18:30:00,547,545,545,547,1.0,3282,3270,6.302618975744905,0.7255377084672233,1
IP_Por954,2021-01-05 15:20:00,595,584,584,595,1.0,3570,3504,6.371611847231857,0.7255175696452975,1
IP_Por954,2021-01-06 04:00:00,571,571,571,571,1.0,3426,3426,6.349138991379798,0.7254000003825897,1
IP_Por954,2021-01-06 17:00:00,571,571,571,571,1.0,3426,3426,6.349138991379798,0.7254000003825897,1
IP_Por954,2021-01-06 13:10:00,569,569,569,569,1.0,3414,3414,6.345636360828596,0.7251907381630622,1
IP_Por954,2021-01-06 12:50:00,578,578,578,578,1.0,3468,3468,6.361302477572996,0.7251631175538482,1
IP_Por954,2021-01-06 04:10:00,543,485,485,543,1.0,3258,2910,6.186208623900494,0.7251487304931429,1
IP_Por954,2021-01-06 02:20:00,533,461,461,533,1.0,3198,2766,6.135564891081739,0.7251487304931429,1
IP_Por954,2021-01-05 12:00:00,544,485,485,544,1.0,3264,2910,6.186208623900494,0.7251487304931429,1
IP_Por954,2021-01-06 19:30:00,293,290,290,293,1.0,1758,1740,5.673323267171493,0.7250370907088717,1
IP_Por954,2021-01-04 19:40:00,597,589,589,597,1.0,3582,3534,6.380122536899765,0.7250268604086276,1
IP_Por954,2021-01-06 17:30:00,335,334,334,335,1.0,2010,2004,5.814130531825066,0.7249643241401456,1
IP_Por954,2021-01-05 18:40:00,582,578,578,582,1.0,3492,3468,6.361302477572996,0.7246726480535025,1
IP_Por954,2021-01-06 02:50:00,573,573,573,573,1.0,3438,3438,6.352629396319567,0.7244190727880316,1
IP_Por954,2021-01-05 21:00:00,541,468,468,541,1.0,3246,2808,6.150602768446279,0.7241681426801786,1
IP_Por954,2021-01-06 10:20:00,567,567,567,567,1.0,3402,3402,6.342121418721152,0.7237202686294845,1
IP_Por954,2021-01-06 13:00:00,298,289,289,298,1.0,1788,1734,5.66988092298052,0.7235669327262948,1
IP_BEN870,2021-01-02 05:00:00,357,333,333,0,0.0,2142,1998,5.811140992976701,0.7234943137063676,1
IP_Por954,2021-01-05 06:00:00,559,522,522,559,1.0,3354,3132,6.259581464064923,0.7231888808744437,1
IP_Por954,2021-01-06 12:20:00,556,545,545,556,1.0,3336,3270,6.302618975744905,0.7230874109753256,1
IP_Por954,2021-01-05 14:30:00,586,578,578,586,1.0,3516,3468,6.361302477572996,0.7227140851363427,1
IP_Por954,2021-01-04 17:50:00,592,579,579,592,1.0,3552,3474,6.363028103540465,0.7224348828642281,1
IP_Por954,2021-01-05 21:10:00,563,563,563,563,1.0,3378,3378,6.335054251498059,0.7223886871600017,1
IP_Por954,2021-01-05 06:50:00,557,557,557,557,1.0,3342,3342,6.324358962381311,0.7221096105971492,1
IP_BEN870,2021-01-01 09:10:00,341,329,329,0,0.0,2046,1974,5.799092654460526,0.7220272840133012,1
IP_Por954,2021-01-06 03:00:00,538,450,450,538,1.0,3228,2700,6.111467339502679,0.7219271146724698,1
IP_Por954,2021-01-05 12:20:00,480,418,418,480,1.0,2880,2508,6.037870919922137,0.7215199564187853,1
IP_Por954,2021-01-05 17:00:00,592,578,578,592,1.0,3552,3468,6.361302477572996,0.7214579648720871,1
IP_Por954,2021-01-05 08:30:00,566,566,566,566,1.0,3396,3396,6.340359303727752,0.7212761090243212,1
IP_Por954,2021-01-05 05:50:00,587,578,578,587,1.0,3522,3468,6.361302477572996,0.7212486375130422,1
IP_Por954,2021-01-06 17:20:00,560,560,560,560,1.0,3360,3360,6.329720905522696,0.7211331324568726,1
IP_Por954,2021-01-04 18:50:00,598,583,583,598,1.0,3588,3498,6.369900982828227,0.7206253856417789,1
IP_Por954,2021-01-06 17:40:00,560,556,556,560,1.0,3360,3336,6.322565239927284,0.7201579747664895,1
IP_Por954,2021-01-04 22:40:00,600,600,600,600,1.0,3600,3600,6.398594934535208,0.719995684678386,1
IP_Por954,2021-01-06 06:40:00,600,600,600,600,1.0,3600,3600,6.398594934535208,0.719995684678386,1
IP_BEN870,2021-01-17 04:10:00,600,600,600,0,0.0,3600,3600,6.398594934535208,0.719995684678386,1
IP_Por954,2021-01-05 23:10:00,600,600,600,600,1.0,3600,3600,6.398594934535208,0.719995684678386,1
IP_BEN870,2021-01-16 20:50:00,600,600,600,0,0.0,3600,3600,6.398594934535208,0.719995684678386,1
IP_BEN870,2021-01-01 19:30:00,600,600,600,0,0.0,3600,3600,6.398594934535208,0.719995684678386,1
IP_Por954,2021-01-04 19:00:00,600,600,600,600,1.0,3600,3600,6.398594934535208,0.719995684678386,1
IP_Por954,2021-01-04 16:30:00,600,600,600,600,1.0,3600,3600,6.398594934535208,0.719995684678386,1
IP_Por954,2021-01-06 05:00:00,578,571,571,578,1.0,3468,3426,6.349138991379798,0.719786161378441,1
IP_Por954,2021-01-05 16:10:00,598,581,581,598,1.0,3588,3486,6.366470447731438,0.7191641732752323,1
IP_Por954,2021-01-05 08:00:00,555,485,485,555,1.0,3330,2910,6.186208623900494,0.7187985640673664,1
IP_BEN870,2021-01-01 19:20:00,600,596,596,0,0.0,3600,3576,6.391917113392602,0.7185357491567206,1
IP_BEN870,2021-01-01 21:50:00,600,595,595,0,0.0,3600,3570,6.39024066706535,0.7185357491567206,1
IP_BEN870,2021-01-17 06:30:00,600,598,598,0,0.0,3600,3588,6.395261598115449,0.7185357491567206,1
IP_BEN870,2021-01-01 08:50:00,600,595,595,0,0.0,3600,3570,6.39024066706535,0.7185357491567206,1
IP_BEN870,2021-01-01 14:20:00,600,596,596,0,0.0,3600,3576,6.391917113392602,0.7185357491567206,1
IP_BEN870,2021-01-01 21:40:00,600,598,598,0,0.0,3600,3588,6.395261598115449,0.7185357491567206,1
IP_BEN870,2021-01-01 06:10:00,349,302,302,0,0.0,2094,1812,5.713732805509369,0.718201811978887,1
IP_Por954,2021-01-05 04:10:00,599,583,583,599,1.0,3594,3498,6.369900982828227,0.7175024521296186,1
IP_Por954,2021-01-04 15:00:00,266,261,261,266,1.0,1596,1566,5.568344503761097,0.7162081251450013,1
IP_Por954,2021-01-05 07:30:00,266,266,266,266,1.0,1596,1596,5.58724865840025,0.7162081251450013,1
IP_Por954,2021-01-06 19:20:00,267,265,265,267,1.0,1602,1590,5.583496308781699,0.7162081251450013,1
IP_BEN870,2021-01-01 11:30:00,600,592,592,0,0.0,3600,3552,6.385194398997726,0.7156247530461899,1
IP_BEN870,2021-01-01 14:10:00,600,592,592,0,0.0,3600,3552,6.385194398997726,0.7156247530461899,1
IP_BEN870,2021-01-01 09:00:00,600,592,592,0,0.0,3600,3552,6.385194398997726,0.7156247530461899,1
IP_Por954,2021-01-05 00:10:00,596,579,579,596,1.0,3576,3474,6.363028103540465,0.7152820759454,1
IP_Por954,2021-01-04 19:10:00,596,579,579,596,1.0,3576,3474,6.363028103540465,0.7152820759454,1
IP_BEN870,2021-01-01 11:40:00,600,591,591,0,0.0,3600,3546,6.3835066348840055,0.7151407348900466,1
IP_Por954,2021-01-05 22:10:00,562,486,486,562,1.0,3372,2916,6.18826412308259,0.7142276102323049,1
IP_Por954,2021-01-05 21:40:00,591,568,568,591,1.0,3546,3408,6.343880434126331,0.7141730650867893,1
IP_Por954,2021-01-05 20:40:00,567,538,538,567,1.0,3402,3228,6.289715570908998,0.7139930455228968,1
IP_Por954,2021-01-05 09:10:00,574,507,507,574,1.0,3444,3042,6.230481447578482,0.7138161774534552,1
IP_Por954,2021-01-04 20:20:00,572,527,527,572,1.0,3432,3162,6.269096283706261,0.7138161774534552,1
IP_Por954,2021-01-05 06:20:00,571,543,543,571,1.0,3426,3258,6.298949246855942,0.7137160226288574,1
IP_BEN870,2021-01-01 16:50:00,600,588,588,0,0.0,3600,3528,6.3784261836515865,0.7136906437519,1
IP_BEN870,2021-01-02 02:20:00,600,588,588,0,0.0,3600,3528,6.3784261836515865,0.7136906437519,1
IP_Por954,2021-01-05 19:20:00,574,503,503,574,1.0,3444,3018,6.222576268071369,0.7133333825409459,1
IP_Por954,2021-01-06 05:20:00,573,506,506,573,1.0,3438,3036,6.2285110035911835,0.7128509141703883,1
IP_BEN870,2021-01-03 01:20:00,307,258,258,0,0.0,1842,1548,5.556828061699537,0.7123419847648889,1
IP_Por954,2021-01-05 11:40:00,566,550,550,566,1.0,3396,3300,6.311734809152915,0.7120633462223542,1
IP_Por954,2021-01-05 20:10:00,586,508,508,586,1.0,3516,3048,6.2324480165505225,0.7116544860921141,1
IP_Por954,2021-01-05 09:30:00,575,501,501,575,1.0,3450,3006,6.218600119691729,0.7114054661025795,1
IP_Por954,2021-01-05 20:30:00,577,525,525,577,1.0,3462,3150,6.26530121273771,0.7113056495224488,1
IP_BEN870,2021-01-02 00:10:00,600,585,585,0,0.0,3600,3510,6.373319789577012,0.7112803563554384,1
IP_BEN870,2021-01-02 02:30:00,600,585,585,0,0.0,3600,3510,6.373319789577012,0.7112803563554384,1
IP_BEN870,2021-01-03 03:30:00,600,586,586,0,0.0,3600,3516,6.375024819828097,0.7112803563554384,1
IP_Por954,2021-01-06 04:50:00,581,513,513,581,1.0,3486,3078,6.2422232654551655,0.7111731532557314,1
IP_Por954,2021-01-05 07:10:00,509,404,404,509,1.0,3054,2424,6.003887067106539,0.7111326748642173,1
IP_Por954,2021-01-04 20:30:00,582,564,564,582,1.0,3492,3384,6.336825731146441,0.7110733692711808,1
IP_Por954,2021-01-05 14:50:00,592,509,509,592,1.0,3552,3054,6.234410725718371,0.7100083500667337,1
IP_Por954,2021-01-05 16:50:00,585,515,515,585,1.0,3510,3090,6.246106765481563,0.7097311071843627,1
IP_Por954,2021-01-04 15:30:00,576,538,538,576,1.0,3456,3228,6.289715570908998,0.7092836805706488,1
IP_Por954,2021-01-05 14:00:00,590,512,512,590,1.0,3540,3072,6.240275845170769,0.7092510752396952,1
IP_Por954,2021-01-05 00:30:00,590,508,508,590,1.0,3540,3048,6.2324480165505225,0.7092510752396952,1
IP_Por954,2021-01-06 06:10:00,579,507,507,579,1.0,3474,3042,6.230481447578482,0.7092510752396952,1
IP_Por954,2021-01-04 20:50:00,591,513,513,591,1.0,3546,3078,6.2422232654551655,0.7089770740602811,1
IP_Por954,2021-01-05 15:40:00,594,512,512,594,1.0,3564,3072,6.240275845170769,0.7087093186819912,1
IP_BEN870,2021-01-02 22:00:00,600,584,584,0,0.0,3600,3504,6.371611847231857,0.708398753939306,1
IP_Por954,2021-01-06 06:30:00,588,515,515,588,1.0,3528,3090,6.246106765481563,0.7082919851503574,1
IP_Por954,2021-01-05 18:30:00,588,513,513,588,1.0,3528,3078,6.2422232654551655,0.7082919851503574,1
IP_BEN870,2021-01-03 03:50:00,581,528,528,0,0.0,3486,3168,6.270988431858299,0.7081926054195845,1
IP_Por954,2021-01-05 13:30:00,592,515,515,592,1.0,3552,3090,6.246106765481563,0.708089420148446,1
IP_Por954,2021-01-05 21:20:00,579,495,495,579,1.0,3474,2970,6.206575926724928,0.7078129265666454,1
IP_Por954,2021-01-05 10:20:00,577,482,482,577,1.0,3462,2892,6.180016653652572,0.7075652508040235,1
IP_Por954,2021-01-05 17:40:00,590,513,513,590,1.0,3540,3078,6.2422232654551655,0.7073341919977909,1
IP_Por954,2021-01-06 00:10:00,592,564,564,592,1.0,3552,3384,6.336825731146441,0.7065544771094675,1
IP_Por954,2021-01-06 05:40:00,593,520,520,593,1.0,3558,3120,6.255750041753367,0.7061756764959691,1
IP_Por954,2021-01-04 22:30:00,593,520,520,593,1.0,3558,3120,6.255750041753367,0.7061756764959691,1
IP_Por954,2021-01-05 04:20:00,599,575,575,599,1.0,3594,3450,6.3561076606958915,0.7059456797495396,1
IP_Por954,2021-01-05 16:00:00,594,517,517,594,1.0,3564,3102,6.249975242259483,0.7058381322829828,1
IP_Por954,2021-01-05 22:40:00,593,525,525,593,1.0,3558,3150,6.26530121273771,0.7055990335151889,1
IP_Por954,2021-01-05 21:50:00,588,530,530,588,1.0,3528,3180,6.274762021241939,0.7053235123754285,1
IP_Por954,2021-01-04 17:30:00,596,567,567,596,1.0,3576,3402,6.342121418721152,0.7052617649312104,1
IP_Por954,2021-01-04 18:20:00,598,572,572,598,1.0,3588,3432,6.35088571671474,0.705190983064537,1
IP_DDo948,2021-01-02 16:30:00,339,1,1,339,1.0,2034,6,0.6931471805599453,0.7051564012686496,1
IP_Por954,2021-01-04 22:10:00,579,554,554,579,1.0,3474,3324,6.318968113746434,0.7048464615404882,1
IP_Por954,2021-01-05 02:30:00,598,571,571,598,1.0,3588,3426,6.349138991379798,0.704714021866788,1
IP_DoS65,2021-01-26 12:50:00,324,1,1,324,1.0,1944,6,0.6931471805599453,0.7046794634605569,1
IP_DDo948,2021-01-01 05:50:00,321,1,1,321,1.0,1926,6,0.6931471805599453,0.7046794634605569,1
IP_DoS590,2021-01-28 03:10:00,322,1,1,322,1.0,1932,6,0.6931471805599453,0.7046794634605569,1
IP_DDo948,2021-01-03 01:20:00,293,1,1,293,1.0,1758,6,0.6931471805599453,0.7044934800883745,1
IP_Por954,2021-01-05 11:10:00,596,512,512,596,1.0,3576,3072,6.240275845170769,0.7044776072022616,1
IP_Por954,2021-01-05 23:30:00,590,531,531,590,1.0,3540,3186,6.2766434893416445,0.7043697333624498,1
IP_Por954,2021-01-05 01:50:00,587,539,539,587,1.0,3522,3234,6.29156913955832,0.704270903958851,1
IP_Por954,2021-01-05 17:20:00,585,503,503,585,1.0,3510,3018,6.222576268071369,0.7042261294439787,1
IP_DoS590,2021-01-28 18:40:00,330,1,1,330,1.0,1980,6,0.6931471805599453,0.7042028482329192,1
IP_DDo948,2021-01-03 00:00:00,332,1,1,332,1.0,1992,6,0.6931471805599453,0.7042028482329192,1
IP_DoS590,2021-01-29 09:10:00,300,1,1,300,1.0,1800,6,0.6931471805599453,0.7040169906519822,1
IP_DoS590,2021-01-29 00:00:00,305,1,1,305,1.0,1830,6,0.6931471805599453,0.7040169906519822,1
IP_DDo948,2021-01-02 11:30:00,299,1,1,299,1.0,1794,6,0.6931471805599453,0.7040169906519822,1
IP_DDo948,2021-01-01 23:50:00,304,1,1,304,1.0,1824,6,0.6931471805599453,0.7040169906519822,1
IP_Por954,2021-01-05 18:10:00,591,504,504,591,1.0,3546,3024,6.22455842927536,0.7039540695250329,1
IP_DDo948,2021-01-01 14:30:00,242,1,1,242,1.0,1452,6,0.6931471805599453,0.7038612389903631,1
IP_DDo948,2021-01-02 05:00:00,243,1,1,243,1.0,1458,6,0.6931471805599453,0.7038612389903631,1
IP_Por954,2021-01-05 01:00:00,589,536,536,589,1.0,3534,3216,6.285998094508865,0.7037945650634891,1
IP_DoS590,2021-01-29 12:40:00,357,1,1,357,1.0,2142,6,0.6931471805599453,0.7037265553675569,1
IP_DoS590,2021-01-29 09:30:00,358,1,1,358,1.0,2148,6,0.6931471805599453,0.7037265553675569,1
IP_DoS590,2021-01-28 17:40:00,359,1,1,359,1.0,2154,6,0.6931471805599453,0.7037265553675569,1
IP_DoS590,2021-01-28 05:10:00,354,1,1,354,1.0,2124,6,0.6931471805599453,0.7037265553675569,1
IP_Por954,2021-01-06 00:20:00,592,536,536,592,1.0,3552,3216,6.285998094508865,0.7035932862824127,1
IP_DDo948,2021-01-01 16:20:00,291,1,1,291,1.0,1746,6,0.6931471805599453,0.7035408234927853,1
IP_DoS590,2021-01-29 07:20:00,290,1,1,290,1.0,1740,6,0.6931471805599453,0.7035408234927853,1
IP_DDo948,2021-01-02 02:10:00,281,1,1,281,1.0,1686,6,0.6931471805599453,0.7035408234927853,1
IP_Por954,2021-01-04 21:10:00,591,494,494,591,1.0,3546,2964,6.20455776256869,0.7034779449230111,1
IP_DDo948,2021-01-01 06:10:00,251,1,1,251,1.0,1506,6,0.6931471805599453,0.703385177174968,1
IP_DoS65,2021-01-26 11:40:00,252,1,1,252,1.0,1512,6,0.6931471805599453,0.703385177174968,1
IP_Por954,2021-01-06 00:40:00,589,503,503,589,1.0,3534,3018,6.222576268071369,0.7032738343753048,1
IP_Por954,2021-01-05 02:40:00,595,515,515,595,1.0,3570,3090,6.246106765481563,0.7030491376921536,1
IP_DDo948,2021-01-03 05:40:00,246,1,1,246,1.0,1476,6,0.6931471805599453,0.7029094373475436,1
IP_DDo948,2021-01-01 09:10:00,259,1,1,259,1.0,1554,6,0.6931471805599453,0.7029094373475436,1
IP_BEN870,2021-01-01 16:40:00,600,580,580,0,0.0,3600,3480,6.364750756851911,0.7026705244255849,1
IP_Por954,2021-01-04 19:30:00,599,573,573,599,1.0,3594,3438,6.352629396319567,0.7026101523842563,1
IP_Por954,2021-01-05 12:40:00,594,539,539,594,1.0,3564,3234,6.29156913955832,0.702305991899341,1
IP_Por954,2021-01-06 01:30:00,594,506,506,594,1.0,3564,3036,6.2285110035911835,0.7022613423051259,1
IP_Por954,2021-01-05 03:30:00,594,503,503,594,1.0,3564,3018,6.222576268071369,0.7022613423051259,1
IP_DDo948,2021-01-01 11:00:00,317,1,1,317,1.0,1902,6,0.6931471805599453,0.7022010698190235,1
IP_DDo948,2021-01-01 05:10:00,317,1,1,317,1.0,1902,6,0.6931471805599453,0.7022010698190235,1
IP_DoS590,2021-01-29 04:10:00,314,1,1,314,1.0,1884,6,0.6931471805599453,0.7022010698190235,1
IP_DoS590,2021-01-28 16:30:00,316,1,1,316,1.0,1896,6,0.6931471805599453,0.7022010698190235,1
IP_DoS350,2021-01-29 13:50:00,317,1,1,317,1.0,1902,6,0.6931471805599453,0.7022010698190235,1
IP_Por954,2021-01-05 15:10:00,595,520,520,595,1.0,3570,3120,6.255750041753367,0.7020984342194093,1
IP_Por954,2021-01-04 15:50:00,595,524,524,595,1.0,3570,3144,6.263398262591624,0.7020984342194093,1
IP_Por954,2021-01-05 14:20:00,596,523,523,596,1.0,3576,3138,6.261491684321042,0.7020984342194093,1
IP_Por954,2021-01-05 10:00:00,591,533,533,591,1.0,3546,3198,6.280395838960195,0.7020961386811341,1
IP_Por954,2021-01-05 12:50:00,593,545,545,593,1.0,3558,3270,6.302618975744905,0.7016916942698304,1
IP_Por954,2021-01-04 22:50:00,574,452,452,574,1.0,3444,2712,6.115892125483034,0.7015679368185709,1
IP_DoS590,2021-01-27 15:00:00,236,1,1,236,1.0,1416,6,0.6931471805599453,0.701484147616042,1
IP_DDo948,2021-01-01 19:00:00,265,1,1,265,1.0,1590,6,0.6931471805599453,0.701484147616042,1
IP_Por954,2021-01-06 01:00:00,594,561,561,594,1.0,3564,3366,6.331501849893691,0.7014547137512228,1
IP_Por954,2021-01-04 20:00:00,594,501,501,594,1.0,3564,3006,6.218600119691729,0.701311704134606,1
IP_Por954,2021-01-05 23:50:00,594,501,501,594,1.0,3564,3006,6.218600119691729,0.701311704134606,1
IP_Por954,2021-01-05 09:50:00,588,554,554,588,1.0,3528,3324,6.318968113746434,0.7010416521965712,1
IP_DDo948,2021-01-02 09:00:00,234,1,1,234,1.0,1404,6,0.6931471805599453,0.7005355604128732,1
IP_Por954,2021-01-04 18:40:00,595,563,563,595,1.0,3570,3378,6.335054251498059,0.7005061663502187,1
IP_DoS590,2021-01-29 10:30:00,369,1,1,369,1.0,2214,6,0.6931471805599453,0.7004997995747085,1
IP_DoS590,2021-01-28 15:30:00,368,1,1,368,1.0,2208,6,0.6931471805599453,0.7004997995747085,1
IP_DoS590,2021-01-29 01:00:00,369,1,1,369,1.0,2214,6,0.6931471805599453,0.7004997995747085,1
IP_DoS590,2021-01-27 05:50:00,372,1,1,372,1.0,2232,6,0.6931471805599453,0.7004997995747085,1
IP_DoS350,2021-01-29 14:10:00,371,1,1,371,1.0,2226,6,0.6931471805599453,0.7004997995747085,1
IP_Por954,2021-01-05 10:40:00,588,553,553,588,1.0,3528,3318,6.317164686747284,0.700469201514073,1
IP_Por954,2021-01-05 03:20:00,599,570,570,599,1.0,3594,3420,6.3473892096560105,0.7002372861995253,1
IP_DoS65,2021-01-26 11:00:00,220,1,1,220,1.0,1320,6,0.6931471805599453,0.7000617479450671,1
IP_Por954,2021-01-04 21:20:00,594,560,560,594,1.0,3564,3360,6.329720905522696,0.7000323737633068,1
IP_BEN870,2021-01-02 09:40:00,594,542,542,0,0.0,3564,3252,6.297109319933935,0.6989876617190163,1
IP_DoS65,2021-01-26 10:40:00,214,1,1,214,1.0,1284,6,0.6931471805599453,0.6986422324744422,1
IP_DoS590,2021-01-29 09:20:00,213,1,1,213,1.0,1278,6,0.6931471805599453,0.6986422324744422,1
IP_BEN870,2021-01-17 11:10:00,600,578,578,0,0.0,3600,3468,6.361302477572996,0.6974603468474261,1
IP_DoS590,2021-01-29 11:00:00,395,1,1,395,1.0,2370,6,0.6931471805599453,0.6973297621134075,1
IP_DoS65,2021-01-26 03:10:00,204,1,1,204,1.0,1224,6,0.6931471805599453,0.697225595355873,1
IP_BEN870,2021-01-03 06:00:00,600,577,577,0,0.0,3600,3462,6.359573868672378,0.6968908205570591,1
IP_Por954,2021-01-04 23:20:00,595,546,546,595,1.0,3570,3276,6.304448802421981,0.6966270294673916,1
IP_Por954,2021-01-05 23:00:00,598,508,508,598,1.0,3588,3048,6.2324480165505225,0.6964099997444726,1
IP_DDo948,2021-01-02 07:20:00,419,1,1,419,1.0,2514,6,0.6931471805599453,0.6963867927092128,1
IP_DoS590,2021-01-27 22:10:00,422,1,1,422,1.0,2532,6,0.6931471805599453,0.6963867927092128,1
IP_DoS590,2021-01-28 23:50:00,421,1,1,421,1.0,2526,6,0.6931471805599453,0.6963867927092128,1
IP_DoS590,2021-01-29 09:00:00,424,1,1,424,1.0,2544,6,0.6931471805599453,0.6963867927092128,1
IP_DoS590,2021-01-29 10:40:00,422,1,1,422,1.0,2532,6,0.6931471805599453,0.6963867927092128,1
IP_DDo948,2021-01-02 02:40:00,388,1,1,388,1.0,2328,6,0.6931471805599453,0.696247223069787,1
IP_DDo948,2021-01-02 14:00:00,378,1,1,378,1.0,2268,6,0.6931471805599453,0.696247223069787,1
IP_DDo948,2021-01-02 17:10:00,379,1,1,379,1.0,2274,6,0.6931471805599453,0.696247223069787,1
IP_Por954,2021-01-04 17:10:00,595,547,547,595,1.0,3570,3282,6.306275286948016,0.6961558605637349,1
IP_DoS590,2021-01-28 09:20:00,415,1,1,415,1.0,2490,6,0.6931471805599453,0.6959157862914849,1
IP_DoS590,2021-01-29 12:20:00,411,1,1,411,1.0,2466,6,0.6931471805599453,0.6959157862914849,1
IP_DoS65,2021-01-26 01:50:00,184,1,1,184,1.0,1104,6,0.6931471805599453,0.695811830752924,1
IP_DoS65,2021-01-26 02:40:00,172,1,1,172,1.0,1032,6,0.6931471805599453,0.695811830752924,1
IP_DDo948,2021-01-01 08:30:00,193,1,1,193,1.0,1158,6,0.6931471805599453,0.695811830752924,1
IP_FTP417,2021-01-21 04:30:00,157,1,1,157,1.0,942,6,0.6931471805599453,0.695811830752924,1
IP_DoS590,2021-01-26 22:40:00,183,1,1,183,1.0,1098,6,0.6931471805599453,0.695811830752924,1
IP_FTP417,2021-01-21 08:10:00,165,1,1,165,1.0,990,6,0.6931471805599453,0.695811830752924,1
IP_FTP417,2021-01-20 19:10:00,169,1,1,169,1.0,1014,6,0.6931471805599453,0.695811830752924,1
IP_FTP417,2021-01-20 20:10:00,174,1,1,174,1.0,1044,6,0.6931471805599453,0.695811830752924,1
IP_DoS65,2021-01-26 05:40:00,181,1,1,181,1.0,1086,6,0.6931471805599453,0.695811830752924,1
IP_DoS65,2021-01-26 05:20:00,167,1,1,167,1.0,1002,6,0.6931471805599453,0.695811830752924,1
IP_Por954,2021-01-04 16:10:00,595,491,491,595,1.0,3570,2946,6.198478716492308,0.6957106049659432,1
IP_BEN870,2021-01-02 11:40:00,600,576,576,0,0.0,3600,3456,6.3578422665081,0.695477734777096,1
IP_Por954,2021-01-04 18:00:00,596,558,558,596,1.0,3576,3348,6.326149473155099,0.695312037104135,1
IP_Por954,2021-01-06 01:10:00,596,533,533,596,1.0,3576,3198,6.280395838960195,0.6952842590754986,1
IP_Por954,2021-01-05 03:50:00,589,471,471,589,1.0,3534,2826,6.156978985585555,0.6952311437396957,1
IP_BEN870,2021-01-26 08:00:00,464,314,314,0,0.0,2784,1884,5.752572638825633,0.6950569773117954,1
IP_BEN870,2021-01-17 11:30:00,600,575,575,0,0.0,3600,3450,6.3561076606958915,0.6950073432075021,1
IP_BEN870,2021-01-17 09:10:00,600,575,575,0,0.0,3600,3450,6.3561076606958915,0.6950073432075021,1
IP_Por954,2021-01-05 23:20:00,595,555,555,595,1.0,3570,3330,6.320768294250582,0.6948417576054021,1
IP_BEN870,2021-01-03 06:20:00,595,549,549,0,0.0,3570,3294,6.309918278226516,0.6947442650624277,1
IP_DoS590,2021-01-27 23:10:00,433,1,1,433,1.0,2598,6,0.6931471805599453,0.6945046775888702,1
IP_DoS590,2021-01-27 14:50:00,432,1,1,432,1.0,2592,6,0.6931471805599453,0.6945046775888702,1
IP_DoS590,2021-01-28 17:30:00,430,1,1,430,1.0,2580,6,0.6931471805599453,0.6945046775888702,1
IP_DoS350,2021-01-29 14:00:00,430,1,1,430,1.0,2580,6,0.6931471805599453,0.6945046775888702,1
IP_DoS590,2021-01-29 05:20:00,402,1,1,402,1.0,2412,6,0.6931471805599453,0.6945046775888702,1
IP_DoS65,2021-01-26 05:30:00,429,1,1,429,1.0,2574,6,0.6931471805599453,0.6945046775888702,1
IP_Por954,2021-01-05 10:50:00,595,550,550,595,1.0,3570,3300,6.311734809152915,0.6942743695805634,1
IP_Por954,2021-01-04 17:00:00,598,564,564,598,1.0,3588,3384,6.336825731146441,0.6939021526239755,1
IP_Por954,2021-01-05 04:40:00,597,537,537,597,1.0,3582,3222,6.2878585601617845,0.6938744309208583,1
IP_FTP417,2021-01-20 18:10:00,150,1,1,150,1.0,900,6,0.6931471805599453,0.6938339047811254,1
IP_FTP417,2021-01-21 07:00:00,150,1,1,150,1.0,900,6,0.6931471805599453,0.6938339047811254,1
IP_DoS65,2021-01-26 04:50:00,143,1,1,143,1.0,858,6,0.6931471805599453,0.6928956626762443,1
IP_DDo948,2021-01-03 06:50:00,143,1,1,143,1.0,858,6,0.6931471805599453,0.6928956626762443,1
IP_DoS65,2021-01-26 04:00:00,143,1,1,143,1.0,858,6,0.6931471805599453,0.6928956626762443,1
IP_DDo948,2021-01-03 03:10:00,142,1,1,142,1.0,852,6,0.6931471805599453,0.6928956626762443,1
IP_DDo948,2021-01-01 11:50:00,145,1,1,145,1.0,870,6,0.6931471805599453,0.6928956626762443,1
IP_DoS590,2021-01-29 13:30:00,438,1,1,438,1.0,2628,6,0.6931471805599453,0.6926276492354844,1
IP_DoS590,2021-01-27 03:50:00,437,1,1,437,1.0,2622,6,0.6931471805599453,0.6926276492354844,1
IP_DDo948,2021-01-01 19:40:00,434,1,1,434,1.0,2604,6,0.6931471805599453,0.6926276492354844,1
IP_DoS590,2021-01-29 11:50:00,436,1,1,436,1.0,2616,6,0.6931471805599453,0.6926276492354844,1
IP_DoS65,2021-01-26 07:50:00,443,1,1,443,1.0,2658,6,0.6931471805599453,0.6926276492354844,1
IP_FTP417,2021-01-21 05:50:00,128,1,1,128,1.0,768,6,0.6931471805599453,0.6924270175104353,1
IP_FTP417,2021-01-21 00:00:00,140,1,1,140,1.0,840,6,0.6931471805599453,0.6924270175104353,1
IP_FTP417,2021-01-21 06:50:00,141,1,1,141,1.0,846,6,0.6931471805599453,0.6924270175104353,1
IP_FTP417,2021-01-20 22:30:00,130,1,1,130,1.0,780,6,0.6931471805599453,0.6924270175104353,1
IP_Por954,2021-01-05 02:10:00,596,480,480,596,1.0,3576,2880,6.175867270105761,0.6924234373725314,1
IP_Por954,2021-01-04 21:40:00,589,463,463,589,1.0,3534,2778,6.139884552226255,0.6924145613250822,1
IP_FTP417,2021-01-20 23:50:00,134,1,1,134,1.0,804,6,0.6931471805599453,0.6919586893162908,1
IP_DoS65,2021-01-26 08:00:00,136,1,1,136,1.0,816,6,0.6931471805599453,0.6919586893162908,1
IP_DoS590,2021-01-29 08:40:00,132,1,1,132,1.0,792,6,0.6931471805599453,0.6919586893162908,1
IP_DoS590,2021-01-29 12:00:00,135,1,1,135,1.0,810,6,0.6931471805599453,0.6919586893162908,1
IP_Por954,2021-01-05 16:30:00,599,522,522,599,1.0,3594,3132,6.259581464064923,0.6910502725640354,1
IP_DoS590,2021-01-29 08:00:00,127,1,1,127,1.0,762,6,0.6931471805599453,0.6905556044207068,1
IP_Por954,2021-01-05 01:20:00,586,454,454,586,1.0,3516,2724,6.12029741895095,0.6902717987076437,1
IP_BEN870,2021-01-02 04:50:00,600,574,574,0,0.0,3600,3444,6.354370040797351,0.6902240322364961,1
IP_BEN870,2021-01-16 21:20:00,600,573,573,0,0.0,3600,3438,6.352629396319567,0.6902240322364961,1
IP_Por954,2021-01-05 19:00:00,598,505,505,598,1.0,3588,3030,6.226536669287466,0.6899403239067659,1
IP_FTP417,2021-01-20 22:40:00,122,1,1,122,1.0,732,6,0.6931471805599453,0.6896217954220913,1
IP_FTP417,2021-01-21 08:20:00,125,1,1,125,1.0,750,6,0.6931471805599453,0.6896217954220913,1
IP_FTP417,2021-01-21 07:30:00,120,1,1,120,1.0,720,6,0.6931471805599453,0.6896217954220913,1
IP_FTP417,2021-01-21 06:00:00,121,1,1,121,1.0,726,6,0.6931471805599453,0.6896217954220913,1
IP_FTP417,2021-01-20 17:50:00,120,1,1,120,1.0,720,6,0.6931471805599453,0.6896217954220913,1
IP_FTP417,2021-01-21 03:50:00,126,1,1,126,1.0,756,6,0.6931471805599453,0.6896217954220913,1
IP_BEN870,2021-01-17 16:50:00,600,572,572,0,0.0,3600,3432,6.35088571671474,0.6888244647057278,1
IP_BEN870,2021-01-02 09:30:00,600,571,571,0,0.0,3600,3426,6.349138991379798,0.6883585731251276,1
IP_FTP417,2021-01-21 07:40:00,115,1,1,115,1.0,690,6,0.6931471805599453,0.688223449047139,1
IP_FTP417,2021-01-20 20:00:00,114,1,1,114,1.0,684,6,0.6931471805599453,0.688223449047139,1
IP_FTP417,2021-01-20 19:00:00,114,1,1,114,1.0,684,6,0.6931471805599453,0.688223449047139,1
IP_FTP417,2021-01-21 05:10:00,116,1,1,116,1.0,696,6,0.6931471805599453,0.688223449047139,1
IP_FTP417,2021-01-20 18:40:00,118,1,1,118,1.0,708,6,0.6931471805599453,0.688223449047139,1
IP_DoS590,2021-01-27 00:40:00,456,1,1,456,1.0,2736,6,0.6931471805599453,0.6878193626365621,1
IP_DDo948,2021-01-01 21:30:00,455,1,1,455,1.0,2730,6,0.6931471805599453,0.6878193626365621,1
IP_DoS590,2021-01-29 12:30:00,463,1,1,463,1.0,2778,6,0.6931471805599453,0.6873541508642667,1
IP_DDo948,2021-01-01 13:40:00,462,1,1,462,1.0,2772,6,0.6931471805599453,0.6873541508642667,1
IP_Por954,2021-01-04 15:20:00,598,556,556,598,1.0,3588,3336,6.322565239927284,0.6868954968119986,1
IP_Por954,2021-01-05 22:30:00,599,561,561,599,1.0,3594,3366,6.331501849893691,0.6867007599761454,1
IP_Por954,2021-01-04 23:40:00,598,498,498,598,1.0,3588,2988,6.212606095751519,0.6866804203521185,1
IP_FTP417,2021-01-20 20:20:00,92,1,1,92,1.0,552,6,0.6931471805599453,0.6863633968847672,1
IP_FTP417,2021-01-20 18:20:00,98,1,1,98,1.0,588,6,0.6931471805599453,0.6863633968847672,1
IP_DoS65,2021-01-26 04:40:00,98,1,1,98,1.0,588,6,0.6931471805599453,0.6863633968847672,1
IP_FTP417,2021-01-20 17:40:00,97,1,1,97,1.0,582,6,0.6931471805599453,0.6863633968847672,1
IP_FTP417,2021-01-21 02:30:00,99,1,1,99,1.0,594,6,0.6931471805599453,0.6863633968847672,1
IP_FTP417,2021-01-20 23:30:00,94,1,1,94,1.0,564,6,0.6931471805599453,0.6863633968847672,1
IP_FTP417,2021-01-21 03:40:00,92,1,1,92,1.0,552,6,0.6931471805599453,0.6863633968847672,1
IP_Por954,2021-01-04 22:00:00,598,547,547,598,1.0,3588,3282,6.306275286948016,0.6863236085847327,1
IP_FTP417,2021-01-21 03:00:00,88,1,1,88,1.0,528,6,0.6931471805599453,0.686267093931995,1
IP_FTP417,2021-01-20 23:40:00,86,1,1,86,1.0,516,6,0.6931471805599453,0.686267093931995,1
IP_FTP417,2021-01-20 22:20:00,86,1,1,86,1.0,516,6,0.6931471805599453,0.686267093931995,1
IP_DoS65,2021-01-26 02:30:00,86,1,1,86,1.0,516,6,0.6931471805599453,0.686267093931995,1
IP_DoS65,2021-01-26 10:30:00,88,1,1,88,1.0,528,6,0.6931471805599453,0.686267093931995,1
IP_FTP417,2021-01-21 05:40:00,85,1,1,85,1.0,510,6,0.6931471805599453,0.686267093931995,1
IP_FTP417,2021-01-21 05:20:00,84,1,1,84,1.0,504,6,0.6931471805599453,0.686267093931995,1
IP_FTP417,2021-01-21 05:30:00,88,1,1,88,1.0,528,6,0.6931471805599453,0.686267093931995,1
IP_FTP417,2021-01-21 01:00:00,87,1,1,87,1.0,522,6,0.6931471805599453,0.686267093931995,1
IP_DDo948,2021-01-02 12:10:00,88,1,1,88,1.0,528,6,0.6931471805599453,0.686267093931995,1
IP_BEN870,2021-01-02 16:50:00,600,569,569,0,0.0,3600,3414,6.345636360828596,0.6860338376006045,1
IP_BEN870,2021-01-02 09:20:00,600,569,569,0,0.0,3600,3414,6.345636360828596,0.6860338376006045,1
IP_BEN870,2021-01-16 19:40:00,600,570,570,0,0.0,3600,3420,6.3473892096560105,0.6860338376006045,1
IP_FTP417,2021-01-21 04:40:00,110,1,1,110,1.0,660,6,0.6931471805599453,0.6858991698658018,1
IP_FTP417,2021-01-20 19:50:00,109,1,1,109,1.0,654,6,0.6931471805599453,0.6858991698658018,1
IP_DDo948,2021-01-01 17:00:00,112,1,1,112,1.0,672,6,0.6931471805599453,0.6858991698658018,1
IP_FTP417,2021-01-21 07:10:00,110,1,1,110,1.0,660,6,0.6931471805599453,0.6858991698658018,1
IP_FTP417,2021-01-21 01:10:00,110,1,1,110,1.0,660,6,0.6931471805599453,0.6858991698658018,1
IP_FTP417,2021-01-21 04:00:00,110,1,1,110,1.0,660,6,0.6931471805599453,0.6858991698658018,1
IP_SSH957,2021-01-22 23:00:00,90,1,1,90,1.0,540,6,0.6931471805599453,0.6858029320482523,1
IP_FTP417,2021-01-21 07:50:00,90,1,1,90,1.0,540,6,0.6931471805599453,0.6858029320482523,1
IP_DoS590,2021-01-29 11:10:00,466,1,1,466,1.0,2796,6,0.6931471805599453,0.6854964481422795,1
IP_DoS590,2021-01-29 03:10:00,467,1,1,467,1.0,2802,6,0.6931471805599453,0.6854964481422795,1
IP_DoS954,2021-01-26 13:00:00,83,1,1,83,1.0,498,6,0.6931471805599453,0.6853390841038726,1
IP_DDo948,2021-01-02 00:20:00,83,1,1,83,1.0,498,6,0.6931471805599453,0.6853390841038726,1
IP_DoS65,2021-01-26 01:20:00,83,1,1,83,1.0,498,6,0.6931471805599453,0.6853390841038726,1
IP_FTP417,2021-01-21 00:40:00,82,1,1,82,1.0,492,6,0.6931471805599453,0.6848755498865207,1
IP_FTP417,2021-01-20 18:00:00,104,1,1,104,1.0,624,6,0.6931471805599453,0.6845083718600954,1
IP_FTP417,2021-01-20 21:20:00,103,1,1,103,1.0,618,6,0.6931471805599453,0.6845083718600954,1
IP_Por954,2021-01-05 05:10:00,599,533,533,599,1.0,3594,3198,6.280395838960195,0.6843433247046032,1
IP_FTP417,2021-01-21 01:50:00,100,1,1,100,1.0,600,6,0.6931471805599453,0.684045399501185,1
IP_DoS954,2021-01-26 14:40:00,100,1,1,100,1.0,600,6,0.6931471805599453,0.684045399501185,1
IP_FTP417,2021-01-21 08:00:00,102,1,1,102,1.0,612,6,0.6931471805599453,0.684045399501185,1
IP_FTP417,2021-01-21 06:10:00,100,1,1,100,1.0,600,6,0.6931471805599453,0.684045399501185,1
IP_SSH957,2021-01-22 21:40:00,100,1,1,100,1.0,600,6,0.6931471805599453,0.684045399501185,1
IP_BEN870,2021-01-17 09:50:00,599,500,500,0,0.0,3594,3000,6.2166061010848646,0.6837045922178485,1
IP_BEN870,2021-01-16 20:00:00,600,567,567,0,0.0,3600,3402,6.342121418721152,0.683323096178906,1
